-- phpMyAdmin SQL Dump
-- version 4.6.4
-- https://www.phpmyadmin.net/
--
-- Host: 127.0.0.1
-- Generation Time: Sep 23, 2016 at 02:44 PM
-- Server version: 5.7.14
-- PHP Version: 5.6.25

SET SQL_MODE = "NO_AUTO_VALUE_ON_ZERO";
SET time_zone = "+00:00";


/*!40101 SET @OLD_CHARACTER_SET_CLIENT=@@CHARACTER_SET_CLIENT */;
/*!40101 SET @OLD_CHARACTER_SET_RESULTS=@@CHARACTER_SET_RESULTS */;
/*!40101 SET @OLD_COLLATION_CONNECTION=@@COLLATION_CONNECTION */;
/*!40101 SET NAMES utf8mb4 */;

--
-- Database: `hms`
--
CREATE DATABASE IF NOT EXISTS `raj_dental` DEFAULT CHARACTER SET utf8 COLLATE utf8_general_ci;
USE `raj_dental`;

-- --------------------------------------------------------

--
-- Table structure for table `case_history`
--

CREATE TABLE `case_history` (
  `case_history_id` int(11) NOT NULL,
  `prescription_id` int(11) NOT NULL,
  `treat_type` varchar(200) DEFAULT NULL,
  `treat_details` text,
  `treat_procedure` varchar(200) DEFAULT NULL,
  `diagnosis` text,
  `med_history` text,
  `treat_cost` varchar(11) DEFAULT NULL,
  `bal_cost` varchar(11) DEFAULT NULL,
  `fees` varchar(11) DEFAULT NULL,
  `p_id` varchar(11) NOT NULL,
  `last_visited` varchar(45) DEFAULT NULL
) ENGINE=InnoDB DEFAULT CHARSET=utf8;

--
-- Dumping data for table `case_history`
--

INSERT INTO `case_history` (`case_history_id`, `prescription_id`, `treat_type`, `treat_details`, `treat_procedure`, `diagnosis`, `med_history`, `treat_cost`, `bal_cost`, `fees`, `p_id`, `last_visited`) VALUES
(83, 9, 'Cleaning and Filling', 'treat details', NULL, 'diagnosis', 'Urological Disorders, Cardiac Disorders', '6000', '4000', '2000', 'RJ101', '21-09-2016'),
(84, 13, 'Root Canal', 'access opening ', NULL, 'dental caries in 46 with chronic peri apical infection,under aspirion intake', 'No Relavent Medical History', '50000', '48000', '2000', 'RJ102', '21-09-2016'),
(85, 0, '', '47 EXTRACTION UNDER LA', NULL, 'CHRONIC PERIODONTITIS\r\n', 'No Relavent Medical History', '400', '0', '400', 'RJ103', '21-09-2016'),
(86, 0, '', '', NULL, '', NULL, 'NULL', '0', '', 'RJ104', '23-09-2016'),
(87, 0, 'Root Canal', 'ACCESS', NULL, '', '', '', '0', '', 'RJ104', '23-09-2016'),
(88, 0, 'Root Canal', '23 EXTRACTION UNDER LA', NULL, 'OVER RETAINED 23', 'No Relavent Medical History', '300', '0', '300', 'RJ105', '23-09-2016'),
(89, 0, 'Root Canal', '48 EXTRACTION UNDER LA', NULL, 'GROSSLY DECAYED 48', 'No Relavent Medical History', '800', '0', '800', 'RJ106', '23-09-2016'),
(90, 0, 'Root Canal', '47 EXTRACTION UNDER LA', NULL, 'CHRONIC PERIODONTITIS\r\n', 'No Relavent Medical History', '400', '0', '', 'RJ103', '23-09-2016'),
(91, 0, 'Root Canal', '38 EXTRACTION UNDER LA', NULL, 'GROSSLY DECAYED 38\r\n', 'No Relavent Medical History', '300', '0', '300', 'RJ107', '23-09-2016'),
(92, 0, 'Root Canal', '23 EXTRACTION UNDER LA', NULL, 'OVER RETAINED 23', 'No Relavent Medical History', '300', '0', '', 'RJ105', '23-09-2016'),
(93, 14, 'Root Canal', '48 EXTRACTION UNDER LA', NULL, 'GROSSLY DECAYED 48MMM', 'No Relavent Medical History MMM', '800', '0', '200', 'RJ106', '23-09-2016'),
(103, 14, 'ROOT CANAL TREATMENT', 'treat details', NULL, 'diagnosis', 'Urological Disorders, Anemia', '6000', '2000', '4000', 'RJ108', '23-09-2016'),
(104, 15, 'ROOT CANAL TREATMENT', 'deta', NULL, 'diag', 'Anemia, Diabetis', '7000', '4000', '3000', 'RJ109', '23-09-2016');

-- --------------------------------------------------------

--
-- Table structure for table `ci_sessions`
--

CREATE TABLE `ci_sessions` (
  `id` varchar(40) NOT NULL,
  `ip_address` varchar(45) NOT NULL,
  `timestamp` int(10) UNSIGNED NOT NULL DEFAULT '0',
  `data` blob NOT NULL
) ENGINE=MyISAM DEFAULT CHARSET=utf8;

--
-- Dumping data for table `ci_sessions`
--

INSERT INTO `ci_sessions` (`id`, `ip_address`, `timestamp`, `data`) VALUES
('0e1f49e9893376bbdc1013730dd1aedbb56674a1', '::1', 1474607325, 0x5f5f63695f6c6173745f726567656e65726174657c693a313437343630373332313b757365725f6c6f67696e7c733a343a2274727565223b6c6f67696e5f757365725f69647c733a313a2231223b6e616d657c733a353a2241646d696e223b656d61696c7c733a31363a2273697661407371696e6469612e6e6574223b),
('a9c70011110f82516b17b12d616d2964224b31e6', '::1', 1474608266, 0x5f5f63695f6c6173745f726567656e65726174657c693a313437343630383139303b757365725f6c6f67696e7c733a343a2274727565223b6c6f67696e5f757365725f69647c733a313a2231223b6e616d657c733a353a2241646d696e223b656d61696c7c733a31363a2273697661407371696e6469612e6e6574223b),
('f3b827500a44221d1472418d1745e72a2ff6932e', '::1', 1474608606, 0x5f5f63695f6c6173745f726567656e65726174657c693a313437343630383537323b757365725f6c6f67696e7c733a343a2274727565223b6c6f67696e5f757365725f69647c733a313a2231223b6e616d657c733a353a2241646d696e223b656d61696c7c733a31363a2273697661407371696e6469612e6e6574223b),
('66e302d9d7f6f8a154c9d491a0b95084fcfc9be3', '::1', 1474609695, 0x5f5f63695f6c6173745f726567656e65726174657c693a313437343630393437323b757365725f6c6f67696e7c733a343a2274727565223b6c6f67696e5f757365725f69647c733a313a2231223b6e616d657c733a353a2241646d696e223b656d61696c7c733a31363a2273697661407371696e6469612e6e6574223b),
('97afcfa96e9ecfaabed166bb966b65edc9591a69', '::1', 1474609888, 0x5f5f63695f6c6173745f726567656e65726174657c693a313437343630393838383b757365725f6c6f67696e7c733a343a2274727565223b6c6f67696e5f757365725f69647c733a313a2231223b6e616d657c733a353a2241646d696e223b656d61696c7c733a31363a2273697661407371696e6469612e6e6574223b),
('a1bcb372c67b9479ee28a4d610dd285f3eaf981c', '::1', 1474610688, 0x5f5f63695f6c6173745f726567656e65726174657c693a313437343631303339363b757365725f6c6f67696e7c733a343a2274727565223b6c6f67696e5f757365725f69647c733a313a2231223b6e616d657c733a353a2241646d696e223b656d61696c7c733a31363a2273697661407371696e6469612e6e6574223b),
('2d79cdf4cb76fc17acc7b38d6a20fbb6e740d53a', '::1', 1474610820, 0x5f5f63695f6c6173745f726567656e65726174657c693a313437343631303732383b757365725f6c6f67696e7c733a343a2274727565223b6c6f67696e5f757365725f69647c733a313a2231223b6e616d657c733a353a2241646d696e223b656d61696c7c733a31363a2273697661407371696e6469612e6e6574223b),
('01a3cf955179b33a814408b13f76e20b1567c28d', '::1', 1474611252, 0x5f5f63695f6c6173745f726567656e65726174657c693a313437343631313034323b757365725f6c6f67696e7c733a343a2274727565223b6c6f67696e5f757365725f69647c733a313a2231223b6e616d657c733a353a2241646d696e223b656d61696c7c733a31363a2273697661407371696e6469612e6e6574223b),
('477af9fd672483c3fc299f416c5b7977d20eae90', '::1', 1474611638, 0x5f5f63695f6c6173745f726567656e65726174657c693a313437343631313335323b757365725f6c6f67696e7c733a343a2274727565223b6c6f67696e5f757365725f69647c733a313a2231223b6e616d657c733a353a2241646d696e223b656d61696c7c733a31363a2273697661407371696e6469612e6e6574223b),
('26f1f65520adf31174108bcc50f3413b715fd2ba', '::1', 1474612095, 0x5f5f63695f6c6173745f726567656e65726174657c693a313437343631313834323b757365725f6c6f67696e7c733a343a2274727565223b6c6f67696e5f757365725f69647c733a313a2231223b6e616d657c733a353a2241646d696e223b656d61696c7c733a31363a2273697661407371696e6469612e6e6574223b),
('7af2677a50fbcd70cf3ba97698c7a2c41985ac61', '::1', 1474612611, 0x5f5f63695f6c6173745f726567656e65726174657c693a313437343631323336313b757365725f6c6f67696e7c733a343a2274727565223b6c6f67696e5f757365725f69647c733a313a2231223b6e616d657c733a353a2241646d696e223b656d61696c7c733a31363a2273697661407371696e6469612e6e6574223b),
('a5491e5d7b51b3c52a319aa74be67a2f770213ca', '::1', 1474613147, 0x5f5f63695f6c6173745f726567656e65726174657c693a313437343631323835393b757365725f6c6f67696e7c733a343a2274727565223b6c6f67696e5f757365725f69647c733a313a2231223b6e616d657c733a353a2241646d696e223b656d61696c7c733a31363a2273697661407371696e6469612e6e6574223b),
('2f9a4e58d90c2af2d7f4418a57609b1e11c0c6e1', '::1', 1474613213, 0x5f5f63695f6c6173745f726567656e65726174657c693a313437343631333137353b757365725f6c6f67696e7c733a343a2274727565223b6c6f67696e5f757365725f69647c733a313a2231223b6e616d657c733a353a2241646d696e223b656d61696c7c733a31363a2273697661407371696e6469612e6e6574223b),
('3ef646286a86f496ce3ea7b897f3af443d6b64fe', '::1', 1474613792, 0x5f5f63695f6c6173745f726567656e65726174657c693a313437343631333532323b757365725f6c6f67696e7c733a343a2274727565223b6c6f67696e5f757365725f69647c733a313a2231223b6e616d657c733a353a2241646d696e223b656d61696c7c733a31363a2273697661407371696e6469612e6e6574223b),
('1cdb00d8192de9c959c32078f906640840020f4c', '::1', 1474614109, 0x5f5f63695f6c6173745f726567656e65726174657c693a313437343631333931313b757365725f6c6f67696e7c733a343a2274727565223b6c6f67696e5f757365725f69647c733a313a2231223b6e616d657c733a353a2241646d696e223b656d61696c7c733a31363a2273697661407371696e6469612e6e6574223b),
('388dc119f6e83f10e814f8f51e814523246eb129', '::1', 1474614477, 0x5f5f63695f6c6173745f726567656e65726174657c693a313437343631343235333b757365725f6c6f67696e7c733a343a2274727565223b6c6f67696e5f757365725f69647c733a313a2231223b6e616d657c733a353a2241646d696e223b656d61696c7c733a31363a2273697661407371696e6469612e6e6574223b),
('314a7c490b00028ff219b9668e1be8526c479a0c', '::1', 1474614859, 0x5f5f63695f6c6173745f726567656e65726174657c693a313437343631343539363b757365725f6c6f67696e7c733a343a2274727565223b6c6f67696e5f757365725f69647c733a313a2231223b6e616d657c733a353a2241646d696e223b656d61696c7c733a31363a2273697661407371696e6469612e6e6574223b),
('55c0d049d35aa96e5f3d4997e8e898424d0535e4', '::1', 1474615347, 0x5f5f63695f6c6173745f726567656e65726174657c693a313437343631343934373b757365725f6c6f67696e7c733a343a2274727565223b6c6f67696e5f757365725f69647c733a313a2231223b6e616d657c733a353a2241646d696e223b656d61696c7c733a31363a2273697661407371696e6469612e6e6574223b),
('0324e807ac52179ff4f581bf906d47aaac243c7a', '::1', 1474616438, 0x5f5f63695f6c6173745f726567656e65726174657c693a313437343631363133363b757365725f6c6f67696e7c733a343a2274727565223b6c6f67696e5f757365725f69647c733a313a2231223b6e616d657c733a353a2241646d696e223b656d61696c7c733a31363a2273697661407371696e6469612e6e6574223b),
('46c4ae6fda7eedf6d4e58a6bd7409903a0a0527d', '::1', 1474616518, 0x5f5f63695f6c6173745f726567656e65726174657c693a313437343631363433393b757365725f6c6f67696e7c733a343a2274727565223b6c6f67696e5f757365725f69647c733a313a2231223b6e616d657c733a353a2241646d696e223b656d61696c7c733a31363a2273697661407371696e6469612e6e6574223b),
('8cf4568279219d2b77fdc3403c167987956e742a', '::1', 1474619215, 0x5f5f63695f6c6173745f726567656e65726174657c693a313437343631383933363b757365725f6c6f67696e7c733a343a2274727565223b6c6f67696e5f757365725f69647c733a313a2231223b6e616d657c733a353a2241646d696e223b656d61696c7c733a31363a2273697661407371696e6469612e6e6574223b),
('28ed68e9826d50a87cfc039876c5e7625e6e2438', '::1', 1474619504, 0x5f5f63695f6c6173745f726567656e65726174657c693a313437343631393432363b757365725f6c6f67696e7c733a343a2274727565223b6c6f67696e5f757365725f69647c733a313a2231223b6e616d657c733a353a2241646d696e223b656d61696c7c733a31363a2273697661407371696e6469612e6e6574223b),
('dd5f2a19d0e193f0926f890749e0ceb2b1b10b86', '::1', 1474620000, 0x5f5f63695f6c6173745f726567656e65726174657c693a313437343631393737313b757365725f6c6f67696e7c733a343a2274727565223b6c6f67696e5f757365725f69647c733a313a2231223b6e616d657c733a353a2241646d696e223b656d61696c7c733a31363a2273697661407371696e6469612e6e6574223b),
('742d30f7068e5b1861cc6242f48715dbbd633a4f', '::1', 1474620378, 0x5f5f63695f6c6173745f726567656e65726174657c693a313437343632303039383b757365725f6c6f67696e7c733a343a2274727565223b6c6f67696e5f757365725f69647c733a313a2231223b6e616d657c733a353a2241646d696e223b656d61696c7c733a31363a2273697661407371696e6469612e6e6574223b),
('a771285bc2fa656eda877f4df42a0acfb046c70d', '::1', 1474620580, 0x5f5f63695f6c6173745f726567656e65726174657c693a313437343632303430363b757365725f6c6f67696e7c733a343a2274727565223b6c6f67696e5f757365725f69647c733a313a2231223b6e616d657c733a353a2241646d696e223b656d61696c7c733a31363a2273697661407371696e6469612e6e6574223b),
('f677996e1813fe39b0b0658be647c2c71b6bce86', '::1', 1474621323, 0x5f5f63695f6c6173745f726567656e65726174657c693a313437343632303839353b757365725f6c6f67696e7c733a343a2274727565223b6c6f67696e5f757365725f69647c733a313a2231223b6e616d657c733a353a2241646d696e223b656d61696c7c733a31363a2273697661407371696e6469612e6e6574223b),
('f360db7e619531012df589fd5325d7442bd63d0d', '::1', 1474621323, 0x5f5f63695f6c6173745f726567656e65726174657c693a313437343632313332333b757365725f6c6f67696e7c733a343a2274727565223b6c6f67696e5f757365725f69647c733a313a2231223b6e616d657c733a353a2241646d696e223b656d61696c7c733a31363a2273697661407371696e6469612e6e6574223b),
('ff7b8ebec5b8a41cc0d74b8c015a3a79a5e4975a', '::1', 1474621541, 0x5f5f63695f6c6173745f726567656e65726174657c693a313437343632313533373b757365725f6c6f67696e7c733a343a2274727565223b6c6f67696e5f757365725f69647c733a313a2231223b6e616d657c733a353a2241646d696e223b656d61696c7c733a31363a2273697661407371696e6469612e6e6574223b),
('82afa14c8a97956902e101b070d1e52055e0b3bb', '::1', 1474622862, 0x5f5f63695f6c6173745f726567656e65726174657c693a313437343632323635373b757365725f6c6f67696e7c733a343a2274727565223b6c6f67696e5f757365725f69647c733a313a2231223b6e616d657c733a353a2241646d696e223b656d61696c7c733a31363a2273697661407371696e6469612e6e6574223b),
('d51b67c522f111dd548b86d81aa353faf92dae47', '::1', 1474623187, 0x5f5f63695f6c6173745f726567656e65726174657c693a313437343632333035353b757365725f6c6f67696e7c733a343a2274727565223b6c6f67696e5f757365725f69647c733a313a2231223b6e616d657c733a353a2241646d696e223b656d61696c7c733a31363a2273697661407371696e6469612e6e6574223b),
('8e05a5a0b9217ff1fef6f2cb5432a7cdad421063', '::1', 1474624302, 0x5f5f63695f6c6173745f726567656e65726174657c693a313437343632333635343b757365725f6c6f67696e7c733a343a2274727565223b6c6f67696e5f757365725f69647c733a313a2231223b6e616d657c733a353a2241646d696e223b656d61696c7c733a31363a2273697661407371696e6469612e6e6574223b),
('444885f9b10e895a70e4dc2f0e12f16577a64423', '::1', 1474625213, 0x5f5f63695f6c6173745f726567656e65726174657c693a313437343632353135313b757365725f6c6f67696e7c733a343a2274727565223b6c6f67696e5f757365725f69647c733a313a2231223b6e616d657c733a353a2241646d696e223b656d61696c7c733a31363a2273697661407371696e6469612e6e6574223b),
('2b1bc6749fdc309b17db10b163ff108559fcc8af', '::1', 1474626344, 0x5f5f63695f6c6173745f726567656e65726174657c693a313437343632363132313b757365725f6c6f67696e7c733a343a2274727565223b6c6f67696e5f757365725f69647c733a313a2231223b6e616d657c733a353a2241646d696e223b656d61696c7c733a31363a2273697661407371696e6469612e6e6574223b),
('b242d7ad39e64330892c27aca271f8c179b55f6c', '::1', 1474626990, 0x5f5f63695f6c6173745f726567656e65726174657c693a313437343632363435323b757365725f6c6f67696e7c733a343a2274727565223b6c6f67696e5f757365725f69647c733a313a2231223b6e616d657c733a353a2241646d696e223b656d61696c7c733a31363a2273697661407371696e6469612e6e6574223b),
('2d5d561a8f5a123cd028e6bc3a8bd6ffd602a306', '::1', 1474627147, 0x5f5f63695f6c6173745f726567656e65726174657c693a313437343632373039393b757365725f6c6f67696e7c733a343a2274727565223b6c6f67696e5f757365725f69647c733a313a2231223b6e616d657c733a353a2241646d696e223b656d61696c7c733a31363a2273697661407371696e6469612e6e6574223b),
('73f5b36389659fca59dd3e69fc48326e9b5eb7e4', '::1', 1474627738, 0x5f5f63695f6c6173745f726567656e65726174657c693a313437343632373434333b757365725f6c6f67696e7c733a343a2274727565223b6c6f67696e5f757365725f69647c733a313a2231223b6e616d657c733a353a2241646d696e223b656d61696c7c733a31363a2273697661407371696e6469612e6e6574223b),
('f82b6e3c60c9e83a19a46f3bc292e11c6b146685', '::1', 1474628012, 0x5f5f63695f6c6173745f726567656e65726174657c693a313437343632373837323b757365725f6c6f67696e7c733a343a2274727565223b6c6f67696e5f757365725f69647c733a313a2231223b6e616d657c733a353a2241646d696e223b656d61696c7c733a31363a2273697661407371696e6469612e6e6574223b),
('d64114a82bee0916c6ca3c6befae4bfb12fdf1a9', '::1', 1474628310, 0x5f5f63695f6c6173745f726567656e65726174657c693a313437343632383330353b757365725f6c6f67696e7c733a343a2274727565223b6c6f67696e5f757365725f69647c733a313a2231223b6e616d657c733a353a2241646d696e223b656d61696c7c733a31363a2273697661407371696e6469612e6e6574223b),
('4d41a8893c17bf6ac05e726d3b19bdbfe3e8fa17', '::1', 1474629340, 0x5f5f63695f6c6173745f726567656e65726174657c693a313437343632393134313b757365725f6c6f67696e7c733a343a2274727565223b6c6f67696e5f757365725f69647c733a313a2231223b6e616d657c733a353a2241646d696e223b656d61696c7c733a31363a2273697661407371696e6469612e6e6574223b),
('60d5665430d334d3fd7883cf1acf22d9de06c28e', '::1', 1474629987, 0x5f5f63695f6c6173745f726567656e65726174657c693a313437343632393730323b757365725f6c6f67696e7c733a343a2274727565223b6c6f67696e5f757365725f69647c733a313a2231223b6e616d657c733a353a2241646d696e223b656d61696c7c733a31363a2273697661407371696e6469612e6e6574223b),
('9658cb53738208cb03b1377bfec67e487911cf40', '::1', 1474630446, 0x5f5f63695f6c6173745f726567656e65726174657c693a313437343633303132373b757365725f6c6f67696e7c733a343a2274727565223b6c6f67696e5f757365725f69647c733a313a2231223b6e616d657c733a353a2241646d696e223b656d61696c7c733a31363a2273697661407371696e6469612e6e6574223b),
('fea38cd14a5384cf1bae45775233ed953660cb5b', '::1', 1474630446, 0x5f5f63695f6c6173745f726567656e65726174657c693a313437343633303434363b757365725f6c6f67696e7c733a343a2274727565223b6c6f67696e5f757365725f69647c733a313a2231223b6e616d657c733a353a2241646d696e223b656d61696c7c733a31363a2273697661407371696e6469612e6e6574223b),
('7f71fe33c76eaae2164a991dee64b88bb06f56f5', '::1', 1474630899, 0x5f5f63695f6c6173745f726567656e65726174657c693a313437343633303635383b757365725f6c6f67696e7c733a343a2274727565223b6c6f67696e5f757365725f69647c733a313a2231223b6e616d657c733a353a2241646d696e223b656d61696c7c733a31363a2273697661407371696e6469612e6e6574223b),
('d5b2a375371f42d5ae6feeccb2b1fd0b7b05d32a', '::1', 1474631145, 0x5f5f63695f6c6173745f726567656e65726174657c693a313437343633303936303b757365725f6c6f67696e7c733a343a2274727565223b6c6f67696e5f757365725f69647c733a313a2231223b6e616d657c733a353a2241646d696e223b656d61696c7c733a31363a2273697661407371696e6469612e6e6574223b),
('6318d8b6059a6a833319fefb9939a212f376cab7', '::1', 1474631766, 0x5f5f63695f6c6173745f726567656e65726174657c693a313437343633313736363b757365725f6c6f67696e7c733a343a2274727565223b6c6f67696e5f757365725f69647c733a313a2231223b6e616d657c733a353a2241646d696e223b656d61696c7c733a31363a2273697661407371696e6469612e6e6574223b),
('f1d6ed65191dcbc8a8a57ba5afaa7106abc70f4b', '::1', 1474632740, 0x5f5f63695f6c6173745f726567656e65726174657c693a313437343633323734303b757365725f6c6f67696e7c733a343a2274727565223b6c6f67696e5f757365725f69647c733a313a2231223b6e616d657c733a353a2241646d696e223b656d61696c7c733a31363a2273697661407371696e6469612e6e6574223b),
('924a716eaa3b8d497bd35e29a3fa68cb32fd2a16', '::1', 1474633244, 0x5f5f63695f6c6173745f726567656e65726174657c693a313437343633333132383b757365725f6c6f67696e7c733a343a2274727565223b6c6f67696e5f757365725f69647c733a313a2231223b6e616d657c733a353a2241646d696e223b656d61696c7c733a31363a2273697661407371696e6469612e6e6574223b),
('10628fc02f289daa99114df9a25c2b8f7291a2a8', '::1', 1474634009, 0x5f5f63695f6c6173745f726567656e65726174657c693a313437343633333735393b757365725f6c6f67696e7c733a343a2274727565223b6c6f67696e5f757365725f69647c733a313a2231223b6e616d657c733a353a2241646d696e223b656d61696c7c733a31363a2273697661407371696e6469612e6e6574223b),
('e91b35746529cb21b7f3d0d14799e14957ddfe96', '::1', 1474634722, 0x5f5f63695f6c6173745f726567656e65726174657c693a313437343633343434383b757365725f6c6f67696e7c733a343a2274727565223b6c6f67696e5f757365725f69647c733a313a2231223b6e616d657c733a353a2241646d696e223b656d61696c7c733a31363a2273697661407371696e6469612e6e6574223b),
('2f33f842fab87c161cac55f14f71a20b00056617', '::1', 1474634927, 0x5f5f63695f6c6173745f726567656e65726174657c693a313437343633343736313b757365725f6c6f67696e7c733a343a2274727565223b6c6f67696e5f757365725f69647c733a313a2231223b6e616d657c733a353a2241646d696e223b656d61696c7c733a31363a2273697661407371696e6469612e6e6574223b),
('0143789df86780b5a4be24f2126801859fca62e1', '::1', 1474635718, 0x5f5f63695f6c6173745f726567656e65726174657c693a313437343633353539383b757365725f6c6f67696e7c733a343a2274727565223b6c6f67696e5f757365725f69647c733a313a2231223b6e616d657c733a353a2241646d696e223b656d61696c7c733a31363a2273697661407371696e6469612e6e6574223b),
('42dd00895a2824f3af6970ddd0374c2f2f057f95', '::1', 1474635825, 0x5f5f63695f6c6173745f726567656e65726174657c693a313437343633353832353b),
('d8d47e944cd1cdb1ef168a51f4a333316dfd39b9', '::1', 1474635896, 0x5f5f63695f6c6173745f726567656e65726174657c693a313437343633353839363b),
('e425a6beca97f3d702683e9a8249807bbabffab5', '::1', 1474635937, 0x5f5f63695f6c6173745f726567656e65726174657c693a313437343633353931393b757365725f6c6f67696e7c733a343a2274727565223b6c6f67696e5f757365725f69647c733a313a2231223b6e616d657c733a353a2241646d696e223b656d61696c7c733a31363a2273697661407371696e6469612e6e6574223b),
('720d6c24782807f02b65b0cd9b97bc03a5700a45', '::1', 1474640645, 0x5f5f63695f6c6173745f726567656e65726174657c693a313437343634303634343b757365725f6c6f67696e7c733a343a2274727565223b6c6f67696e5f757365725f69647c733a313a2231223b6e616d657c733a353a2241646d696e223b656d61696c7c733a31363a2273697661407371696e6469612e6e6574223b);

-- --------------------------------------------------------

--
-- Table structure for table `drug_details`
--

CREATE TABLE `drug_details` (
  `drug_id` int(11) NOT NULL,
  `drug_name` varchar(100) DEFAULT NULL,
  `drug_desc` text,
  `drug_instruct` varchar(200) DEFAULT NULL,
  `duration` tinyint(2) DEFAULT NULL
) ENGINE=InnoDB DEFAULT CHARSET=utf8 COMMENT='drug_details';

--
-- Dumping data for table `drug_details`
--

INSERT INTO `drug_details` (`drug_id`, `drug_name`, `drug_desc`, `drug_instruct`, `duration`) VALUES
(1, 'MAHACEF XL-200', '3 DAYS', 'AFTER FOOD INTAKE', 1),
(2, 'DOLOKIND -AA', '3 DAYS', 'AFTER FOOD INTAKE', 1),
(3, 'RABEKIND', '3 DAYS', '30 MINS BEFORE FOOD INATKE', 1),
(4, 'RUTOHEAL', '', '30 MINS BEFORE FOOD INATKE', 1),
(5, 'HEALTH OK SACHET', '', 'CONSUME WITH ONE TUMBLER OF WATER', 0),
(12, 'THERMOKIND MOUTH WASH', 'USE REGULARLY', 'GARGLE EVERY TIME AFTER FOOD INTAKE', 0),
(13, 'BETAKIND MOUTH WASH', 'USE REGULARLY TILL WOUND HEALING', 'WIPE THE SURGICAL AREA DAILY  WITH A COTTON', 0);

-- --------------------------------------------------------

--
-- Table structure for table `patient_details`
--

CREATE TABLE `patient_details` (
  `p_id` varchar(11) NOT NULL,
  `p_name` varchar(90) NOT NULL,
  `p_email` varchar(100) DEFAULT NULL,
  `p_address` text,
  `p_phone` varchar(45) DEFAULT NULL,
  `p_sex` varchar(12) DEFAULT NULL,
  `p_age` smallint(3) DEFAULT NULL,
  `p_dob` varchar(12) DEFAULT NULL,
  `p_blood_group` varchar(6) DEFAULT NULL,
  `timestamp` varchar(45) NOT NULL,
  `status` varchar(25) NOT NULL DEFAULT 'active'
) ENGINE=InnoDB DEFAULT CHARSET=utf8 COMMENT='patient_details';

--
-- Dumping data for table `patient_details`
--

INSERT INTO `patient_details` (`p_id`, `p_name`, `p_email`, `p_address`, `p_phone`, `p_sex`, `p_age`, `p_dob`, `p_blood_group`, `timestamp`, `status`) VALUES
('RJ100', 'siva', NULL, 'address', '9790280707', 'male', 28, '05/05/1988', 'A+', '2016-09-21', 'archive'),
('RJ101', 'sivaa', NULL, 'address', '9790280707', 'male', 31, '05/05/1985', 'A+', '2016-09-21', 'archive'),
('RJ102', 'PERUMAL', NULL, 'address', '9944423554', 'male', 30, '', '', '23-09-2016', 'active'),
('RJ103', 'DEEPAN', NULL, '', '7708336155', 'male', 30, '', '', '23-09-2016', 'active'),
('RJ104', 'DATCHANAMOORTHY', NULL, '', '9444800970', 'male', 56, '', '', '23-09-2016', 'active'),
('RJ105', 'NANDHA', NULL, '', '8148309001,99444423554', 'male', 32, '', '', '23-09-2016', 'active'),
('RJ106', 'SATHYA', NULL, '', '9551384835', 'female', 26, '', '', '23-09-2016', 'active'),
('RJ107', 'POONGODI', NULL, '', '1234567892', 'female', 38, '', '', '23-09-2016', 'active'),
('RJ108', 'raj', NULL, 'address', '9790280707', 'male', 28, '05/05/1988', 'A+', '2016-09-23', 'active'),
('RJ109', 'raja', NULL, 'address', '9790280707', 'male', 29, '05/05/1987', 'A+', '23-09-2016', 'active');

-- --------------------------------------------------------

--
-- Table structure for table `prescription_details`
--

CREATE TABLE `prescription_details` (
  `id` int(11) NOT NULL,
  `prescription_id` int(11) NOT NULL,
  `timestamp` varchar(45) NOT NULL,
  `p_id` varchar(11) NOT NULL,
  `drug_name` varchar(100) DEFAULT NULL,
  `time_mrng` tinyint(2) DEFAULT NULL,
  `time_noon` tinyint(2) DEFAULT NULL,
  `time_night` tinyint(2) DEFAULT NULL,
  `no_of_days` varchar(45) DEFAULT NULL,
  `qty` varchar(45) DEFAULT NULL,
  `instruction` text
) ENGINE=InnoDB DEFAULT CHARSET=utf8;

--
-- Dumping data for table `prescription_details`
--

INSERT INTO `prescription_details` (`id`, `prescription_id`, `timestamp`, `p_id`, `drug_name`, `time_mrng`, `time_noon`, `time_night`, `no_of_days`, `qty`, `instruction`) VALUES
(134, 8, '2016-09-21', 'RJ101', 'Mahecef XL-200', 1, 1, 0, '2', '4', 'inst'),
(135, 8, '2016-09-21', 'RJ101', 'Dolokind-AA', 0, 0, 0, '', '', 'ins'),
(136, 8, '2016-09-21', 'RJ101', 'Rabekind', 1, 0, 1, '4', '8', 'ins'),
(137, 9, '2016-09-21', 'RJ101', 'Mahecef XL-200', 1, 1, 0, '', '', 'inst'),
(138, 10, '2016-09-21', 'RJ102', 'Mahecef XL-200', 1, 1, 1, '3', '9', 'inst'),
(139, 11, '2016-09-21', 'RJ102', 'Mahecef XL-200', 1, 1, 1, '3', '9', 'AFTER FOOD INTAKE FOR THREE DAYS'),
(140, 11, '2016-09-21', 'RJ102', 'Dolokind-AA', 0, 0, 0, '', '', 'ins'),
(141, 12, '2016-09-21', 'RJ102', 'Mahecef XL-200', 1, 1, 1, '3', '9', 'AFTER FOOD INTAKE FOR THREE DAYS'),
(142, 12, '2016-09-21', 'RJ102', 'Dolokind-AA', 1, 1, 1, '3', '9', 'AFTER FOOD INTAKE FOR THREE DAYS'),
(143, 13, '2016-09-21', 'RJ102', 'Mahecef XL-200', 1, 1, 1, '3', '9', 'AFTER FOOD INTAKE'),
(144, 13, '2016-09-21', 'RJ102', 'Dolokind-AA', 1, 1, 1, '3', '9', 'AFTER FOOD INTAKE'),
(145, 13, '2016-09-21', 'RJ102', 'Rabekind', 1, 1, 1, '3', '9', '30 NINS BEFORE FOOD INATKE'),
(146, 13, '2016-09-21', 'RJ102', 'RUTOHEAL', 1, 0, 1, '3', '6', '30 MINS BEFORE FOOD INATKE'),
(155, 14, '23-09-2016', 'RJ108', 'MAHACEF XL-200', 0, 1, 1, '3', '6', 'AFTER FOOD INTAKE'),
(156, 15, '23-09-2016', 'RJ109', 'THERMOKIND MOUTH WASH', 0, 0, 0, '', '', 'GARGLE EVERY TIME AFTER FOOD INTAKE');

-- --------------------------------------------------------

--
-- Table structure for table `treat_type`
--

CREATE TABLE `treat_type` (
  `id` int(11) NOT NULL,
  `treat_name` varchar(100) NOT NULL,
  `treat_desc` text NOT NULL
) ENGINE=MyISAM DEFAULT CHARSET=utf8;

--
-- Dumping data for table `treat_type`
--

INSERT INTO `treat_type` (`id`, `treat_name`, `treat_desc`) VALUES
(1, 'ROOT CANAL TREATMENT', ''),
(2, 'EXTRACTION', ''),
(3, 'TRANSALVEOLAR EXTRACTION', ''),
(4, 'GLASS IONOMER RESTORATION', ''),
(5, 'LIGHT CURE COMPOSITE RESTORATION', ''),
(6, 'SCALING', ''),
(7, 'TEETH WHITENING', ''),
(8, 'OPERCULECTOMY', ''),
(9, 'GINGIVECTOMY', ''),
(10, 'APISECTOMY', ''),
(11, 'RADISECTION', ''),
(12, 'FRENECTOMY', ''),
(13, 'CROWN PREPARATION', ''),
(14, 'TOOTH PREPARATION FOR FIXED PROSTHESIS', ''),
(15, 'REMOVABLE PARTIAL DENTURE', ''),
(16, 'COMPLETE DENTURE', ''),
(17, 'ORTHODONTICS', ''),
(18, 'SPLINTING', ''),
(19, 'SUTURE REMOVAL', ''),
(20, 'CAST PARTIAL DENTURE', ''),
(21, 'CONSULTATION', ''),
(22, 'IMPLANT SUPPORTED OVERDENTURE', ''),
(23, 'IMPLANT SUPPORTED FIXED PROSTHESIS', '');

-- --------------------------------------------------------

--
-- Table structure for table `user`
--

CREATE TABLE `user` (
  `user_id` int(11) NOT NULL,
  `user_name` varchar(45) NOT NULL,
  `user_email` varchar(100) DEFAULT NULL,
  `user_password` varchar(100) NOT NULL,
  `user_address` text NOT NULL,
  `user_phone` varchar(12) NOT NULL,
  `user_profile` text NOT NULL
) ENGINE=InnoDB DEFAULT CHARSET=utf8 COMMENT='user_login_details';

--
-- Dumping data for table `user`
--

INSERT INTO `user` (`user_id`, `user_name`, `user_email`, `user_password`, `user_address`, `user_phone`, `user_profile`) VALUES
(1, 'Admin', 'siva@sqindia.net', 'Dental', '', '', '');

--
-- Indexes for dumped tables
--

--
-- Indexes for table `case_history`
--
ALTER TABLE `case_history`
  ADD PRIMARY KEY (`case_history_id`),
  ADD KEY `p_id` (`p_id`);

--
-- Indexes for table `ci_sessions`
--
ALTER TABLE `ci_sessions`
  ADD PRIMARY KEY (`id`),
  ADD KEY `ci_sessions_timestamp` (`timestamp`);

--
-- Indexes for table `drug_details`
--
ALTER TABLE `drug_details`
  ADD PRIMARY KEY (`drug_id`);

--
-- Indexes for table `patient_details`
--
ALTER TABLE `patient_details`
  ADD PRIMARY KEY (`p_id`);

--
-- Indexes for table `prescription_details`
--
ALTER TABLE `prescription_details`
  ADD PRIMARY KEY (`id`),
  ADD KEY `pres_p_id_idx` (`p_id`);

--
-- Indexes for table `treat_type`
--
ALTER TABLE `treat_type`
  ADD PRIMARY KEY (`id`);

--
-- Indexes for table `user`
--
ALTER TABLE `user`
  ADD PRIMARY KEY (`user_id`);

--
-- AUTO_INCREMENT for dumped tables
--

--
-- AUTO_INCREMENT for table `case_history`
--
ALTER TABLE `case_history`
  MODIFY `case_history_id` int(11) NOT NULL AUTO_INCREMENT, AUTO_INCREMENT=105;
--
-- AUTO_INCREMENT for table `drug_details`
--
ALTER TABLE `drug_details`
  MODIFY `drug_id` int(11) NOT NULL AUTO_INCREMENT, AUTO_INCREMENT=14;
--
-- AUTO_INCREMENT for table `prescription_details`
--
ALTER TABLE `prescription_details`
  MODIFY `id` int(11) NOT NULL AUTO_INCREMENT, AUTO_INCREMENT=157;
--
-- AUTO_INCREMENT for table `treat_type`
--
ALTER TABLE `treat_type`
  MODIFY `id` int(11) NOT NULL AUTO_INCREMENT, AUTO_INCREMENT=24;
--
-- AUTO_INCREMENT for table `user`
--
ALTER TABLE `user`
  MODIFY `user_id` int(11) NOT NULL AUTO_INCREMENT, AUTO_INCREMENT=2;
--
-- Constraints for dumped tables
--

--
-- Constraints for table `case_history`
--
ALTER TABLE `case_history`
  ADD CONSTRAINT `case_history_ibfk_2` FOREIGN KEY (`p_id`) REFERENCES `patient_details` (`p_id`);

--
-- Constraints for table `prescription_details`
--
ALTER TABLE `prescription_details`
  ADD CONSTRAINT `pres_p_id` FOREIGN KEY (`p_id`) REFERENCES `patient_details` (`p_id`) ON DELETE NO ACTION ON UPDATE NO ACTION;

/*!40101 SET CHARACTER_SET_CLIENT=@OLD_CHARACTER_SET_CLIENT */;
/*!40101 SET CHARACTER_SET_RESULTS=@OLD_CHARACTER_SET_RESULTS */;
/*!40101 SET COLLATION_CONNECTION=@OLD_COLLATION_CONNECTION */;
